Category,Sub-Category,Bitmask,Gene,Comment,Subjective,Can be derived without analyzing reviews,Directly derivable from Expedia data (Y/N),Gene Code,Key,Attribute,Function,,
GENERAL,Star Rating,0,1 Star Rating,,No,Yes,Y,1_Star_Rating,hotelRating == 1,hotel_main,compare,,
GENERAL,Star Rating,1,1.5 Star Rating,,No,Yes,Y,1_5_Star_Rating,hotelRating == 1.5,hotel_main,compare,,
GENERAL,Star Rating,2,2 Star Rating,,No,Yes,Y,2_Star_Rating,hotelRating == 2,hotel_main,compare,,
GENERAL,Star Rating,3,2.5 Star Rating,,No,Yes,Y,1_Star_Rating,hotelRating == 2.5,hotel_main,compare,,
GENERAL,Star Rating,4,3 Star Rating,,No,Yes,Y,3_Star_Rating,hotelRating == 3,hotel_main,compare,,
GENERAL,Star Rating,5,3.5 Star Rating,,No,Yes,Y,1_Star_Rating,hotelRating == 3.5,hotel_main,compare,,
GENERAL,Star Rating,6,4 Star Rating,,No,Yes,Y,4_Star_Rating,hotelRating == 4,hotel_main,compare,,
GENERAL,Star Rating,7,4.5 Star Rating,,No,Yes,Y,1_Star_Rating,hotelRating == 4.5,hotel_main,compare,,
GENERAL,Star Rating,8,5 Star Rating,,No,Yes,Y,5_Star_Rating,hotelRating == 5,hotel_main,compare,,
GENERAL,Star Rating,9,No star Rating,,No,Yes,Y,No_star_Rating,hotelRating == 0,hotel_main,compare,,
HOTEL AMENITIES,Accessability,10,Pets Allowed,,No,Yes,Y,Pets_Allowed,Pets accepted OR Pets accepted Dogs Only OR Pet policy 20 Lbs. and Under OR Pet policy Cats and Dogs Only OR Pets considered,hotel_amenity,"match(""pet"")",,
HOTEL AMENITIES,Accessability,11,Senior friendly,,Yes,No,,Senior_friendly,,,,,
HOTEL AMENITIES,Accessability,12,Wheelchair Access,,Yes,No,Y,Wheelchair_Access,Wheelchair accessible OR Wheelchair Accessible,hotel_amenity,"match(""wheelchair"")",,
HOTEL AMENITIES,Accessibility,13,Accessible path of travel,,No,Maybe,Y,Accessible_path_of_travel,Accessible path of travel,hotel_amenity,"match(""..."")",,
HOTEL AMENITIES,Age of Property,14,Heritage property (> 80 years),To derive from year built,,,,Heritage_property_80_years_,,,,,
HOTEL AMENITIES,Age of Property,15,New property (< 10 years),To derive from year built,,,,New_property_10_years_,,,,,
HOTEL AMENITIES,Age of Property,16,Number of rooms: 103,,Yes,No,,Number_of_rooms_103,,,,,
HOTEL AMENITIES,Age of Property,17,Number of spa tubs 4             ,,Yes,No,,Number_of_spa_tubs_4,,,,,
HOTEL AMENITIES,Age of Property,18,Old property (80-30 years),To derive from year built,,,,Old_property_80_30_years_,,,,,
HOTEL AMENITIES,Age of Property,19,Older property (10-30 years),To derive from year built,,,,Older_property_10_30_years_,,,,,
HOTEL AMENITIES,Age of Property,20,Year Built,,,,,,,,,,
HOTEL AMENITIES,Health & Wellness,21,Full-service health spa                    ,,No,Yes,Y,Full_service_health_spa,Full-Service Health Spa,hotel_amenity,"match(""..."")",,
HOTEL AMENITIES,Health & Wellness,22,Health Club  Present           ,,No,Yes,Y,Health_Club_Present,Health Club,hotel_amenity,"match(""..."")",,
HOTEL AMENITIES,Health & Wellness,23,Health ClubOpen 24 hours,,No,Yes,,Health_ClubOpen_24_hours,,,,,
HOTEL AMENITIES,Health & Wellness,24,Massage - available in room ,,No,Yes,,Massage_available_in_room,,,,,
HOTEL AMENITIES,Health & Wellness,25,Massage - spa treatment room(s) ,,No,Yes,Y,Massage_spa_treatment_room_s_,Massage - spa treatment room(s) OR Massage - treatment room(s),hotel_amenity,"match(""massage"")",,
HOTEL AMENITIES,Health & Wellness,26,Medical Assistance Available                    ,,No,Yes,Y,Medical_Assistance_Available,Medical assistance available OR On-site medical assistance available,hotel_amenity,"match(""medical assistance"")",,
HOTEL AMENITIES,Health & Wellness,27,On-site medical assistance available ,,No,Yes,Y,On_site_medical_assistance_available,On-site medical assistance available,hotel_amenity,"match(""..."")",,
HOTEL AMENITIES,Health & Wellness,28,Spa,,No,Yes,Y,Spa,Spa services on site OR Full-service health spa,hotel_amenity,"match(""spa"")",,
HOTEL AMENITIES,Health & Wellness,29,Spa tub ,,No,Yes,Y,Spa_tub,Number of spa tubs OR Spa tub OR Spa Tub,hotel_amenity,"match(""spa tub"")",,
HOTEL AMENITIES,Health & Wellness,30,Spa tub (outdoor),,No,Yes,Y,Spa_tub_outdoor_,Spa tub (outdoor),hotel_amenity,"match(""..."")",,
HOTEL AMENITIES,Kids,31,Babysitting - Any bad experiences?,,Yes,No,N,Babysitting_Any_bad_experiences_,,,,,
HOTEL AMENITIES,Kids,32,Babysitting or child care                    ,,No,Yes,Y,Babysitting_or_child_care,Babysitting or childcare OR Babysitting or child care OR Babysitting or childcare (surcharge) OR Babysitting or childcare (free),hotel_amenity,"match(""babysitting"")",,
HOTEL AMENITIES,Kids,33,Babysitting or childcare (free) ,,No,Yes,Y,Babysitting_or_childcare_free_,Babysitting or childcare (free),hotel_amenity,"match(""babysitting childcare free"")",,
HOTEL AMENITIES,Kids,34,Children's club ,,No,Yes,Y,Children_s_club,Children's club ,hotel_amenity,"match(""children's club"")",,
HOTEL AMENITIES,Kids,35,Children's club (surcharge) ,,No,Yes,Y,Children_s_club_surcharge_,Children's club (surcharge) ,hotel_amenity,"match(""..."")",,
HOTEL AMENITIES,Kids,36,Childrens club (free) ,,No,Yes,Y,Childrens_club_free_,Childrens club (free) ,hotel_amenity,"match(""..."")",,
HOTEL AMENITIES,Kids,37,Creche (nursery) ,,No,Yes,Y,Creche_nursery_,Creche (nursery),hotel_amenity,"match(""creche"")",,
HOTEL AMENITIES,Kids,38,Suitable for children                    ,,No,Yes,Y,Suitable_for_children,Suitable for children,hotel_amenity,"match(""..."")",,
HOTEL AMENITIES,Kids,39,Supervised child care/activities ,,No,Yes,Y,Supervised_child_care_activities,Supervised child care/activities OR Supervised childcare/activities,hotel_amenity,"match(""supervised child"")",,
HOTEL AMENITIES,Kids,40,Supervised childcare/activities (surcharge) ,,No,Yes,Y,Supervised_childcare_activities_surcharge_,Supervised childcare/activities (surcharge) ,hotel_amenity,"match(""supervised child surcharge"")",,
HOTEL AMENITIES,Kids,41,Supervised childcare/activities (free) ,,No,Yes,Y,Supervised_childcare_activities_free_,Supervised childcare/activities (free) ,hotel_amenity,"match(""supervised child free"")",,
HOTEL AMENITIES,Laundry,42,Laundry on premises,,No,No,Y,Laundry_on_premises,Laundry facilities,hotel_amenity,"match(""..."")",,
HOTEL AMENITIES,Laundry,43,Room service drycleaning / laundry,,No,,Y,Room_service_drycleaning_laundry,Dry cleaning/laundry service,hotel_amenity,"match(""..."")",,
HOTEL AMENITIES,Others,44,Hair Saloon,,No,Yes,Y,Hair_Saloon,Hair salon,hotel_amenity,"match(""..."")",,
HOTEL AMENITIES,Parking,45,Free parking,,No,Yes,Y,Free_parking,Covered parking (free) OR Free covered parking OR Free guest parking OR Free long-term parking OR Free outdoor parking OR Free parking (limited spaces) OR Free RV and truck parking OR Free secure covered parking  OR Free secure outdoor parking OR Free secure parking OR Free self-parking OR Free valet parking OR Parking (valet) free OR Parking limited (free) OR RV and truck parking (free) OR Secure outdoor parking (free) OR Street parking (free)   ,hotel_amenity,"match(""parking free"")",Covered parking (free) ,Outdoor parking (surcharge) 
HOTEL AMENITIES,Parking,46,Covered Parking,,No,Yes,,Covered_Parking,Free covered parking OR Free secure covered parking OR Covered parking (free) OR Covered parking (surcharge) OR Secure covered parking (surcharge),hotel_amenity,"match(""covered parking"")",,Parking (secure)                    
HOTEL AMENITIES,Parking,47,Free covered parking,,No,Yes,Y,Free_covered_parking,Free covered parking OR Free secure covered parking OR Covered parking (free),hotel_amenity,"match(""covered free parking"")",Covered parking (surcharge) ,Parking (surcharge) 
HOTEL AMENITIES,Parking,48,Covered parking (surcharge),,No,Yes,Y,Covered_parking_surcharge_,Covered parking (surcharge) OR Secure covered parking (surcharge),hotel_amenity,"match(""covered surcharge  parking"")",Disabled parking ,Parking (valet) 
HOTEL AMENITIES,Parking,49,Valet Parking,,No,Yes,Y,Valet_Parking,Valet parking,hotel_amenity,"match(""..."")",Free covered parking ,Parking (valet) free
HOTEL AMENITIES,Parking,50,Free Valet Parking,,No,Yes,Y,Free_Valet_Parking,Free valet parking OR Valet parking (free),hotel_amenity,"match(""free valet parking"")",Free guest parking ,Parking limited (free) 
HOTEL AMENITIES,Parking,51,Charged Valet Parking,,No,Yes,Y,Charged_Valet_Parking,Parking (valet) OR Valet parking (surcharge) OR Parking (valet) Fees Apply,hotel_amenity,"match(""parking valet (surcharge OR fees)""",Free long-term parking ,Parking nearby 
HOTEL AMENITIES,Parking,52,Garage Parking,,No,Yes,Y,Garage_Parking,Garage parking (free)  OR Garage parking (surcharge) ,hotel_amenity,"match(""parking garage"")",Free outdoor parking ,
HOTEL AMENITIES,Parking,53,Garage Parking Free,,No,Yes,Y,Garage_Parking_Free,Garage parking (free) ,hotel_amenity,"match(""..."")",Free parking (limited spaces) ,RV and truck parking 
HOTEL AMENITIES,Parking,54,Garage Parking Surcharge,,No,Yes,Y,Garage_Parking_Surcharge,Garage parking (surcharge) ,hotel_amenity,"match(""..."")",,RV and truck parking (free) 
HOTEL AMENITIES,Parking,55,Handicapped Parking,,No,Yes,Y,Handicapped_Parking,Handicapped parking ,hotel_amenity,"match(""..."")",Free RV and truck parking ,Secure outdoor parking (free) 
HOTEL AMENITIES,Parking,56,Limited Spaces,,No,Yes,Y,Limited_Spaces,Parking limited (free) OR Free parking (limited spaces),hotel_amenity,"match(""parking limited"")",Free secure covered parking  ,Secure outdoor parking (surcharge) 
HOTEL AMENITIES,Parking,57,Long term parking,,No,Yes,Y,Long_term_parking,Long-term parking (surcharge) OR Free long-term parking ,hotel_amenity,"match(""long-term parking"")",Free secure outdoor parking ,Self parking  
HOTEL AMENITIES,Parking,58,Offsite parking reservations required ,,No,Yes,Y,Offsite_parking_reservations_required,Offsite parking reservations required ,hotel_amenity,"match(""..."")",Free secure parking ,Self-parking (surcharge) 
HOTEL AMENITIES,Parking,59,Outdoor Parking (free),,No,Yes,Y,Outdoor_Parking_free_,Outdoor parking (free) ,hotel_amenity,"match(""..."")",Free self-parking ,Street parking (free) 
HOTEL AMENITIES,Parking,60,Outdoor parking (surcharge) ,,No,Yes,Y,Outdoor_parking_surcharge_,Outdoor parking (surcharge) ,hotel_amenity,"match(""..."")",,Street parking (metered) 
HOTEL AMENITIES,Parking,61,Parking Nearby (free),,No,Yes,Y,Parking_Nearby_free_,Free parking nearby OR Parking nearby,hotel_amenity,"match(""parking nearby"")",Free valet parking ,Valet parking (surcharge) 
HOTEL AMENITIES,Parking,62,Parking nearby (surcharge) ,,No,Yes,Y,Parking_nearby_surcharge_,Parking nearby (surcharge) ,hotel_amenity,"match(""..."")",Long-term parking (surcharge) ,
HOTEL AMENITIES,Parking,63,RV and Truck Parking,,No,Yes,Y,RV_and_Truck_Parking,RV and truck parking ,hotel_amenity,"match(""..."")",,
HOTEL AMENITIES,Parking,64,RV and truck parking (free) ,,No,Yes,Y,RV_and_truck_parking_free_,RV and truck parking (free) OR Free RV and truck parking ,hotel_amenity,"match(""RV truck parking free"")",,
HOTEL AMENITIES,Parking,65,Secure Parking,,No,Yes,Y,Secure_Parking,Secure parking,hotel_amenity,"match(""..."")",,
HOTEL AMENITIES,Parking,66,Self Parking,,No,Yes,Y,Self_Parking,Self parking,hotel_amenity,"match(""..."")",,
HOTEL AMENITIES,Parking,67,Street Parking,,No,Yes,Y,Street_Parking,Street parking,hotel_amenity,"match(""..."")",,
HOTEL AMENITIES,Parking,68,Valet Parking,,No,Yes,Y,Valet_Parking,Valet parking,hotel_amenity,"match(""..."")",,
HOTEL AMENITIES,Pool,69,Clean / Dirty,,Yes,No,,Clean_Dirty,,,,Swimming pool ,
HOTEL AMENITIES,Pool,70,Crowded ,,Yes,No,,Crowded,,,,Swimming pool - children&apos;s ,
HOTEL AMENITIES,Pool,71,Outdoor Heated Pool,,No,Yes,Y,Outdoor_Heated_Pool,Swimming pool - Outdoor heated      ,hotel_amenity,"match(""..."")",,
HOTEL AMENITIES,Pool,72,Indoor Pool,,No,Yes,Y,Indoor_Pool,Swimming pool - indoor                    ,hotel_amenity,"match(""..."")",Swimming pool - outdoor                    ,
HOTEL AMENITIES,Pool,73,Infinity pool,,No,Yes,,Infinity_pool,,,,Swimming pool - outdoor (heated) OR Swimming pool - outdoor (heated),
HOTEL AMENITIES,Pool,74,Kids Pool Present,,No,Maybe,Y,Kids_Pool_Present,Swimming pool - children's ,hotel_amenity,"match(""..."")",Swimming pool - Outdoor heated      ,
HOTEL AMENITIES,Pool,75,Large ,,Yes,Yes,,Large,,,,Swimming pool - outdoor seasonal ,
HOTEL AMENITIES,Pool,76,Multiple Indoor Pools,,No,Yes,Y,Multiple_Indoor_Pools,Number of indoor pools > 1,hotel_amenity,compare,Number of indoor pools -  2,
HOTEL AMENITIES,Pool,77,Multiple Outdoor Pools,,No,Yes,Y,Multiple_Outdoor_Pools,Number of outdoor swimming pools > 1,hotel_amenity,compare,Number of outdoor swimming pools 8,
HOTEL AMENITIES,Pool,78,Multiple Poolside Bars,Also in Food & Beverage,No,Yes,Y,Multiple_Poolside_Bars,Multiple poolside bars,hotel_amenity,"match(""..."")",Multiple poolside bars 2,
HOTEL AMENITIES,Pool,79,Multiple Swimup Bars,Also in Food & Beverage,No,Yes,Y,Multiple_Swimup_Bars,Multiple swim-up bars,hotel_amenity,"match(""..."")",Multiple swim-up bars 2,
HOTEL AMENITIES,Pool,80,Outdoor Pool,,No,Yes,Y,Outdoor_Pool,Swimming pool - outdoor                    ,hotel_amenity,"match(""..."")",,
HOTEL AMENITIES,Pool,81,Pool Present,,No,Yes,Y,Pool_Present,Swimming pool ,hotel_amenity,"match(""..."")",,
HOTEL AMENITIES,Pool,82,Poolside Bar,Also in Food & Beverage,No,Yes,Y,Poolside_Bar,Poolside bar,hotel_amenity,"match(""..."")",,
HOTEL AMENITIES,Pool,83,Swimup Bar,Also in Food & Beverage,No,Yes,Y,Swimup_Bar,Swim-up bar ,hotel_amenity,"match(""..."")",,
HOTEL AMENITIES,Pool,84,Under renovation or closed,,Yes,No,,Under_renovation_or_closed,,,,,
HOTEL AMENITIES,Property facilities & features,85,24-hour business center ,,Yes,No,Y,24_hour_business_center,24-hour business center ,hotel_amenity,"match(""..."")",,
HOTEL AMENITIES,Property facilities & features,86,Air-conditioned public areas                    ,,Yes,No,Y,Air_conditioned_public_areas,Air-conditioned public areas                    ,hotel_amenity,"match(""..."")",,
HOTEL AMENITIES,Property facilities & features,87,Ballroom(s)                    ,,Yes,No,Y,Ballroom_s_,Ballroom(s)                    ,hotel_amenity,"match(""..."")",,
HOTEL AMENITIES,Property facilities & features,88,Banquet facilities ,,Yes,No,Y,Banquet_facilities,Banquet facilities ,hotel_amenity,"match(""..."")",,
HOTEL AMENITIES,Property facilities & features,89,Barbecue Grill(s),,Yes,No,Y,Barbecue_Grill_s_,Barbecue Grill(s),hotel_amenity,"match(""..."")",,
HOTEL AMENITIES,Property facilities & features,90,Business Center,,Yes,No,Y,Business_Center,Business Center,hotel_amenity,"match(""..."")",,
HOTEL AMENITIES,Property facilities & features,91,Conference room(s) ,,Yes,No,Y,Conference_room_s_,Conference room(s) ,hotel_amenity,"match(""..."")",,
HOTEL AMENITIES,Property facilities & features,92,Designated smoking areas ,,Yes,No,Y,Designated_smoking_areas,Designated smoking areas ,hotel_amenity,"match(""..."")",,
HOTEL AMENITIES,Property facilities & features,93,Elevator/lift                    ,,Yes,No,Y,Elevator_lift,Elevator/lift                    ,hotel_amenity,"match(""..."")",,
HOTEL AMENITIES,Property facilities & features,94,Elevator/lift attendant                    ,,Yes,No,Y,Elevator_lift_attendant,Elevator/lift attendant                    ,hotel_amenity,"match(""..."")",,
HOTEL AMENITIES,Property facilities & features,95,Event catering                    ,,Yes,No,Y,Event_catering,Event catering                    ,hotel_amenity,"match(""..."")",,
HOTEL AMENITIES,Property facilities & features,96,Exhibit space                    ,,Yes,No,Y,Exhibit_space,Exhibit space                    ,hotel_amenity,"match(""..."")",,
HOTEL AMENITIES,Property facilities & features,97,Fireplace in lobby                    ,,Yes,No,Y,Fireplace_in_lobby,Fireplace in lobby                    ,hotel_amenity,"match(""..."")",,
HOTEL AMENITIES,Property facilities & features,98,Fitness equipment ,,Yes,No,Y,Fitness_equipment,Fitness equipment OR Fitness facilities OR Health Club,hotel_amenity,"match(""..."")",,
HOTEL AMENITIES,Property facilities & features,99,Garden                    ,,Yes,No,Y,Garden,Garden                    ,hotel_amenity,"match(""..."")",,
HOTEL AMENITIES,Property facilities & features,100,High rise (>10 floors),,Yes,No,Y,High_rise_10_floors_,Number of floors > 10,hotel_amenity,compare,Health Club                    ,
HOTEL AMENITIES,Property facilities & features,101,Marina on site ,,Yes,No,Y,Marina_on_site,Marina on site ,hotel_amenity,"match(""..."")",,
HOTEL AMENITIES,Property facilities & features,102,Meeting facilities,,Yes,No,Y,Meeting_facilities,Meeting Facilities,hotel_amenity,"match(""meeting facilities"")",Meeting facilities size (feet) -  1650,
HOTEL AMENITIES,Property facilities & features,103,Multiple buildings/towers,,Yes,No,Y,Multiple_buildings_towers,Number of buildings/towers > 1,hotel_amenity,compare,,
HOTEL AMENITIES,Property facilities & features,104,Multiple large conference rooms ,,Yes,No,Y,Multiple_large_conference_rooms,Multiple large conference rooms ,hotel_amenity,"match(""..."")",,
HOTEL AMENITIES,Property facilities & features,105,Multiple meeting & conference rooms,,Yes,No,Y,Multiple_meeting_conference_rooms,Number of meeting and conference rooms > 1,hotel_amenity,compare,Number of buildings/towers 38,
HOTEL AMENITIES,Property facilities & features,106,Multiple small meeting rooms ,,Yes,No,Y,Multiple_small_meeting_rooms,Multiple small meeting rooms ,hotel_amenity,"match(""..."")",Number of floors -  26,
HOTEL AMENITIES,Property facilities & features,107,Number of suites: 39,,Yes,No,Y,Number_of_suites_39,,,,Number of meeting and conference rooms 8,
HOTEL AMENITIES,Property facilities & features,108,Patio                    ,,Yes,No,Y,Patio,Patio                    ,hotel_amenity,"match(""..."")",Number of rooms: 103,
HOTEL AMENITIES,Property facilities & features,109,Private beach ,,Yes,No,Y,Private_beach,Private beach ,hotel_amenity,"match(""..."")",Number of spa tubs 4             ,
HOTEL AMENITIES,Property facilities & features,110,Private beach (nearby) ,,Yes,No,Y,Private_beach_nearby_,Private beach (nearby) ,hotel_amenity,"match(""..."")",Number of suites: 39,
HOTEL AMENITIES,Property facilities & features,111,Rooftop terrace ,,Yes,No,Y,Rooftop_terrace,Rooftop terrace ,hotel_amenity,"match(""..."")",,
HOTEL AMENITIES,Property facilities & features,112,Sauna ,,Yes,No,Y,Sauna,Sauna,hotel_amenity,"match(""..."")",,
HOTEL AMENITIES,Property facilities & features,113,Sauna / Steam Room,,,,,Sauna_Steam_Room,Sauna OR Steam Room,hotel_amenity,"match(""..."")",,
HOTEL AMENITIES,Property facilities & features,114,Smoke-free property ,,Yes,No,Y,Smoke_free_property,Smoke-free property ,hotel_amenity,"match(""..."")",,
HOTEL AMENITIES,Property facilities & features,115,Smoke-free property (fines apply) ,,Yes,No,Y,Smoke_free_property_fines_apply_,Smoke-free property (fines apply) ,hotel_amenity,"match(""..."")",,
HOTEL AMENITIES,Property facilities & features,116,Steam Room,,Yes,No,Y,Steam_Room,Steam Room,hotel_amenity,"match(""..."")",,
HOTEL AMENITIES,Property facilities & features,117,Terrace ,,Yes,No,Y,Terrace,Terrace ,hotel_amenity,"match(""..."")",,
HOTEL AMENITIES,Property facilities & features,118,Use of nearby fitness center (complimentary)                    ,,Yes,No,Y,Use_of_nearby_fitness_center_complimentary_,Use of nearby fitness center (complimentary)                    ,hotel_amenity,"match(""..."")",,
HOTEL AMENITIES,Property facilities & features,119,Use of Nearby Fitness Center (discount)                    ,,Yes,No,Y,Use_of_Nearby_Fitness_Center_discount_,Use of Nearby Fitness Center (discount)                    ,hotel_amenity,"match(""..."")",Spa tub ,
HOTEL AMENITIES,Property facilities & features,120,Wedding services ,,Yes,No,Y,Wedding_services,Wedding services ,hotel_amenity,"match(""..."")",Spa tub (outdoor),
HOTEL AMENITIES,Property facilities & features,121,Winery attached ,,Yes,No,Y,Winery_attached,Winery attached ,hotel_amenity,"match(""..."")",,
HOTEL AMENITIES,Property facilities & features,122,,,,,,,,,,Total number of rooms 14,
HOTEL AMENITIES,Property facilities & features,123,,,,,,,,,,Year Built 1957,
HOTEL AMENITIES,Public Area,124,Air-conditioned public areas                    ,,No,Yes,Y,Air_conditioned_public_areas,Air-conditioned public areas                    ,hotel_amenity,"match(""..."")",,
HOTEL AMENITIES,Public Area,125,Cybercafe,,,,,Cybercafe,,,,,
HOTEL AMENITIES,Public Area,126,TV in lobby/common area,,No,Yes,Y,TV_in_lobby_common_area,Television in lobby,hotel_amenity,"match(""..."")",,
HOTEL AMENITIES,Public Area ,127,Wifi Internet,,No,Yes,,Wifi_Internet,,,,,
HOTEL AMENITIES,Recreation,128,Arcade/game room                    ,,No,Yes,Y,Arcade_game_room,Arcade/game room                    ,hotel_amenity,"match(""..."")",,
HOTEL AMENITIES,Recreation,129,Beach cabanas (complimentary) ,,No,Yes,Y,Beach_cabanas_complimentary_,Beach cabanas (complimentary) ,hotel_amenity,"match(""..."")",,
HOTEL AMENITIES,Recreation,130,Billiards / Pool,,No,Yes,Y,Billiards_Pool,Billiards OR Billiards on site OR Billiards or pool table OR Pool table OR Pool table on site,hotel_amenity,"match(""(billiards) OR (pool table)"")",,
HOTEL AMENITIES,Recreation,131,Billiards / Pool Nearby,,No,Yes,Y,Billiards_Pool_Nearby,Pool table nearby OR Billiards nearby,hotel_amenity,"match(""(billiards nearby) OR (pool table nearby)"")",,
HOTEL AMENITIES,Recreation,132,Bowling Alley,,No,Yes,,Bowling_Alley,,,,,
HOTEL AMENITIES,Recreation,133,Cards Table,,No,Yes,,Cards_Table,,,,,
HOTEL AMENITIES,Recreation,134,Casino,,No,Yes,Y,Casino,Casino ,hotel_amenity,"match(""..."")",,
HOTEL AMENITIES,Recreation,135,Clubhouse                    ,,No,Yes,Y,Clubhouse,Clubhouse                    ,hotel_amenity,"match(""..."")",,
HOTEL AMENITIES,Recreation,136,Golf course on site ,,No,Yes,Y,Golf_course_on_site,Golf course on site ,hotel_amenity,"match(""..."")",,
HOTEL AMENITIES,Recreation,137,Indoor tennis courts,,No,Yes,Y,Indoor_tennis_courts,Indoor tennis court OR Indoor tennis court > 0,hotel_amenity,"match(""indoor tennis court"")",,
HOTEL AMENITIES,Recreation,138,Multiple Indoor tennis courts,,No,Yes,Y,Multiple_Indoor_tennis_courts,Indoor tennis court > 1,hotel_amenity,compare,Indoor tennis courts -  3,
HOTEL AMENITIES,Recreation,139,Library,,No,Yes,Y,Library,Library                    ,hotel_amenity,"match(""..."")",,
HOTEL AMENITIES,Recreation,140,Media library ,,No,Yes,Y,Media_library,Media library ,hotel_amenity,"match(""..."")",,
HOTEL AMENITIES,Recreation,141,Music library ,,No,Yes,Y,Music_library,Music library ,hotel_amenity,"match(""..."")",,
HOTEL AMENITIES,Recreation,142,Nightclub                    ,,No,Yes,Y,Nightclub,Nightclub                    ,hotel_amenity,"match(""..."")",,
HOTEL AMENITIES,Recreation,143,Outdoor tennis courts,,No,Yes,Y,Outdoor_tennis_courts,Outdoor tennis courts OR Outdoor tennis courts > 0,hotel_amenity,"match(""outdoor tennis court"")",,
HOTEL AMENITIES,Recreation,144,Multiple Outdoor tennis courts,,No,Yes,Y,Multiple_Outdoor_tennis_courts,Outdoor tennis courts > 1,hotel_amenity,compare,Outdoor tennis courts -  3,
HOTEL AMENITIES,Recreation,145,Piano ,,No,Yes,Y,Piano,Piano ,hotel_amenity,"match(""..."")",,
HOTEL AMENITIES,Recreation,146,Picnic area ,,No,Yes,Y,Picnic_area,Picnic area ,hotel_amenity,"match(""..."")",,
HOTEL AMENITIES,Recreation,147,Pool cabanas (complimentary) ,,No,Yes,Y,Pool_cabanas_complimentary_,Pool cabanas (complimentary) ,hotel_amenity,"match(""..."")",,
HOTEL AMENITIES,Recreation,148,Pool cabanas (surcharge) ,,No,Yes,Y,Pool_cabanas_surcharge_,Pool cabanas (surcharge) ,hotel_amenity,"match(""..."")",,
HOTEL AMENITIES,Recreation,149,Tennis,,No,Yes,Y,Tennis,Tennis on site OR Outdoor tennis courts OR Outdoor tennis courts > 0 OR Indoor tennis court OR Indoor tennis court > 0,hotel_amenity,"match(""tennis"")",,
HOTEL AMENITIES,Recreation,150,Television in lobby                    ,,No,Yes,Y,Television_in_lobby,Television in lobby                    ,hotel_amenity,"match(""..."")",,
HOTEL AMENITIES,Recreation,151,Video library ,,No,Yes,Y,Video_library,Video library ,hotel_amenity,"match(""..."")",,
HOTEL AMENITIES,Recreation,152,Waterpark ,,No,Yes,Y,Waterpark,Waterpark ,hotel_amenity,"match(""..."")",,
HOTEL AMENITIES,Recreation,153,Waterpark access (complimentary) ,,No,Yes,Y,Waterpark_access_complimentary_,Waterpark access (complimentary) ,hotel_amenity,"match(""..."")",,
HOTEL AMENITIES,Recreation,154,Waterslide ,,No,Yes,Y,Waterslide,Waterslide ,hotel_amenity,"match(""..."")",,
HOTEL AMENITIES,Services,155,ATM/banking                    ,,Yes,No,Y,ATM_banking,ATM/banking                    ,hotel_amenity,"match(""..."")",,
HOTEL AMENITIES,Services,156,Audio-visual equipment                    ,,Yes,No,Y,Audio_visual_equipment,Audio-visual equipment                    ,hotel_amenity,"match(""..."")",,
HOTEL AMENITIES,Services,157,Beach sun loungers (chaise longues) ,,Yes,No,Y,Beach_sun_loungers_chaise_longues_,Beach sun loungers (chaise longues) ,hotel_amenity,"match(""..."")",,
HOTEL AMENITIES,Services,158,Beach/pool umbrellas ,,Yes,No,Y,Beach_pool_umbrellas,Beach/pool umbrellas ,hotel_amenity,"match(""..."")",,
HOTEL AMENITIES,Services,159,Beauty services                    ,,Yes,No,Y,Beauty_services,Beauty services                    ,hotel_amenity,"match(""..."")",,
HOTEL AMENITIES,Services,160,Business services                    ,,Yes,No,Y,Business_services,Business services                    ,hotel_amenity,"match(""..."")",,
HOTEL AMENITIES,Services,161,Complimentary grocery shopping service ,,Yes,No,Y,Complimentary_grocery_shopping_service,Complimentary grocery shopping service ,hotel_amenity,"match(""..."")",,
HOTEL AMENITIES,Services,162,Complimentary newspapers in lobby  ,,Yes,No,Y,Complimentary_newspapers_in_lobby,Complimentary newspapers in lobby  ,hotel_amenity,"match(""..."")",,
HOTEL AMENITIES,Services,163,Complimentary newspapers in lobby  (M-F),,Yes,No,Y,Complimentary_newspapers_in_lobby_M_F_,Complimentary newspapers in lobby  (M-F),hotel_amenity,"match(""..."")",,
HOTEL AMENITIES,Services,164,Complimentary reception ,,Yes,No,Y,Complimentary_reception,Complimentary reception ,hotel_amenity,"match(""..."")",,
HOTEL AMENITIES,Services,165,Concierge services                    ,,Yes,No,Y,Concierge_services,Concierge Desk OR Concierge services                          ,hotel_amenity,"match(""concierge"")",,
HOTEL AMENITIES,Services,166,Currency Exchange,,Yes,No,Y,Currency_Exchange,Currency Exchange,hotel_amenity,"match(""..."")",,
HOTEL AMENITIES,Services,167,Doorman/doorwoman ,,Yes,No,Y,Doorman_doorwoman,Doorman/doorwoman ,hotel_amenity,"match(""..."")",,
HOTEL AMENITIES,Services,168,Dry cleaning/laundry service ,,Yes,No,Y,Dry_cleaning_laundry_service,Dry cleaning service OR Dry cleaning/laundry service ,hotel_amenity,"match(""dry cleaning OR laundry"")",,
HOTEL AMENITIES,Services,169,Express check-in ,,Yes,No,Y,Express_check_in,Express check-in ,hotel_amenity,"match(""..."")",,
HOTEL AMENITIES,Services,170,Express check-out ,,Yes,No,Y,Express_check_out,Express check-out ,hotel_amenity,"match(""..."")",,
HOTEL AMENITIES,Services,171,Floor butler ,,Yes,No,Y,Floor_butler,Floor butler ,hotel_amenity,"match(""..."")",,
HOTEL AMENITIES,Services,172,Front desk (limited hours) ,,Yes,No,Y,Front_desk_limited_hours_,Front desk (limited hours) ,hotel_amenity,"match(""..."")",,
HOTEL AMENITIES,Services,173,Gift shops or newsstand ,,Yes,No,Y,Gift_shops_or_newsstand,Gift shops or newsstand ,hotel_amenity,"match(""..."")",,
HOTEL AMENITIES,Services,174,Grocery/convenience store ,,Yes,No,Y,Grocery_convenience_store,Grocery/convenience store OR Grocery,hotel_amenity,"match(""grocery"")",,
HOTEL AMENITIES,Services,175,Hair Salon                    ,,Yes,No,Y,Hair_Salon,Hair Salon                    ,hotel_amenity,"match(""..."")",,
HOTEL AMENITIES,Services,176,Laundry Facilities,,Yes,No,Y,Laundry_Facilities,Laundry Facilities,hotel_amenity,"match(""..."")",,
HOTEL AMENITIES,Services,177,Local Expert Concierge ,,Yes,No,Y,Local_Expert_Concierge,Local Expert Concierge ,hotel_amenity,"match(""..."")",,
HOTEL AMENITIES,Services,178,Luggage storage ,,Yes,No,Y,Luggage_storage,Luggage storage ,hotel_amenity,"match(""..."")",,
HOTEL AMENITIES,Services,179,Multilingual staff ,,Yes,No,Y,Multilingual_staff,Multilingual staff ,hotel_amenity,"match(""..."")",,
HOTEL AMENITIES,Services,180,Photocopy machines ,,Yes,No,Y,Photocopy_machines,Photocopy machines ,hotel_amenity,"match(""..."")",,
HOTEL AMENITIES,Services,181,Porter/bellhop ,,Yes,No,Y,Porter_bellhop,Porter/bellhop ,hotel_amenity,"match(""..."")",,
HOTEL AMENITIES,Services,182,Room service                 ,,Yes,No,Y,Room_service,Room service                 ,hotel_amenity,"match(""..."")",,
HOTEL AMENITIES,Services,183,Room service (24 hours)                    ,,Yes,No,Y,Room_service_24_hours_,Room service (24 hours)                    ,hotel_amenity,"match(""..."")",,
HOTEL AMENITIES,Services,184,Room service (limited hours) ,,Yes,No,Y,Room_service_limited_hours_,Room service (limited hours) ,hotel_amenity,"match(""..."")",,
HOTEL AMENITIES,Services,185,Safe-deposit box - Front Desk          ,,Yes,No,Y,Safe_deposit_box_Front_Desk,Safe-deposit box - Front Desk          ,hotel_amenity,"match(""..."")",,
HOTEL AMENITIES,Services,186,Secretarial services                    ,,Yes,No,Y,Secretarial_services,Secretarial services                    ,hotel_amenity,"match(""..."")",,
HOTEL AMENITIES,Services,187,Security guard ,,Yes,No,Y,Security_guard,Security guard ,hotel_amenity,"match(""..."")",,
HOTEL AMENITIES,Services,188,Shoe shine ,,Yes,No,Y,Shoe_shine,Shoe shine ,hotel_amenity,"match(""..."")",,
HOTEL AMENITIES,Services,189,Shopping on site ,,Yes,No,Y,Shopping_on_site,Shopping on site OR Gift shops or newsstand OR Grocery/convenience store OR Grocery,hotel_amenity,"match(""..."")",,
HOTEL AMENITIES,Services,190,Tours/ticket assistance ,,Yes,No,Y,Tours_ticket_assistance,Tours/ticket assistance OR Tour assistance ,hotel_amenity,"match(""..."")",,
HOTEL AMENITIES,Services,191,Translation services ,,Yes,No,Y,Translation_services,Translation services ,hotel_amenity,"match(""..."")",,
HOTEL AMENITIES,Services,192,Umbrella ,,Yes,No,Y,Umbrella,Umbrella ,hotel_amenity,"match(""..."")",,
HOTEL DINING,Cuisine,193,American,,No,Yes,,American,,,,,
HOTEL DINING,Cuisine,194,Chinese,,No,Yes,,Chinese,,,,,
HOTEL DINING,Cuisine,195,Indian,,No,Yes,,Indian,,,,,
HOTEL DINING,Cuisine,196,Italian,,No,Yes,,Italian,,,,,
HOTEL DINING,Cuisine,197,Japanese,,No,Yes,,Japanese,,,,,
HOTEL DINING,Cuisine,198,Korean,,No,Yes,,Korean,,,,,
HOTEL DINING,Cuisine,199,Mexican,,No,Yes,,Mexican,,,,,
HOTEL DINING,Cuisine,200,Multicuisine,,No,Yes,,Multicuisine,,,,,
HOTEL DINING,Cuisine,201,Pan Asian,,No,Yes,,Pan_Asian,,,,,
HOTEL DINING,Cuisine,202,Thai,,No,Yes,,Thai,,,,,
HOTEL DINING,Food & Beverage,203,Bar,,,,,Bar,Bar/lounge OR Beach bar,hotel_amenity,"match(""bar"")",Number of restaurants ,
HOTEL DINING,Food & Beverage,204,Beach Bar,,,,,Beach_Bar,Beach bar ,hotel_amenity,"match(""..."")",,
HOTEL DINING,Food & Beverage,205,Breakfast,,,,Y,Breakfast,Breakfast service OR Breakfast available (surcharge) hot and cold buffet OR Breakfast available (surcharge) cooked-to-order OR Breakfast available (surcharge) buffet,hotel_amenity,"match(""breakfast"")",Restaurant(s) in hotel ,
HOTEL DINING,Food & Beverage,206,Breakfast (Complimentary),,,,Y,Breakfast_Complimentary_,Breakfast (Complimentary),hotel_amenity,"match(""..."")",Restaurant(s) in hotel Restaurant,
HOTEL DINING,Food & Beverage,207,More than one restaurant,,,,Y,More_than_one_restaurant,Number of restaurants > 1,hotel_amenity,compare,Snack bar/deli ,
HOTEL DINING,Food & Beverage,208,No Alcohol served,,,,,No_Alcohol_served,,,,Bar/lounge                    ,
HOTEL DINING,Food & Beverage,209,Restaurant,,,,Y,Restaurant,,hotel_amenity,"match(""restaurant"")",,
HOTEL DINING,Food & Beverage,210,Very good restaurant in the hotel,"Is there a highly rated restaurant in the hotel e.g. celebrty chef, top 20 on Yelp/Tripadvisor etc",Yes,No,,Very_good_restaurant_in_the_hotel,,,,,
HOTEL DINING,Restaurants,211,More than one restaurant,,No,Yes,,More_than_one_restaurant,,,,,
HOTEL DINING,Room Service,212,24 hour room service,,No,Yes,,24_hour_room_service,,,,,
HOTEL DINING,Room Service,213,Available/Not Available,,No,Yes,,Available_Not_Available,,,,,
HOTEL VIEWS,Near a major waterbody,214,Lakeside,,No,Yes,,Lakeside,,,,,
HOTEL VIEWS,Near a major waterbody,215,Private Beach,,No,Yes,,Private_Beach,,,,,
HOTEL VIEWS,Near a major waterbody,216,Riverside,,No,Yes,,Riverside,,,,,
HOTEL VIEWS,Near a major waterbody,217,Seaside,,No,Yes,,Seaside,,,,,
HOTEL VIEWS,Near a major waterbody,218,,,No,Yes,,,,,,,
HOTEL VIEWS,Room Views,219,Rooms with Beach View Present,,No,Yes,Y,Rooms_with_Beach_View_Present,Beach view ,room_amenity,"match(""..."")",,
HOTEL VIEWS,Room Views,220,Rooms with City View Present,,No,Yes,Y,Rooms_with_City_View_Present,City view ,room_amenity,"match(""..."")",,
HOTEL VIEWS,Room Views,221,Rooms with Courtyard View Present,,No,Yes,Y,Rooms_with_Courtyard_View_Present,Courtyard view ,room_amenity,"match(""..."")",,
HOTEL VIEWS,Room Views,222,Rooms with Garden View Present,,No,Yes,Y,Rooms_with_Garden_View_Present,Garden view ,room_amenity,"match(""..."")",,
HOTEL VIEWS,Room Views,223,Rooms with Golf Course View Present,,No,Yes,Y,Rooms_with_Golf_Course_View_Present,Golf course view ,room_amenity,"match(""..."")",,
HOTEL VIEWS,Room Views,224,Rooms with Lake View Present,,No,Yes,Y,Rooms_with_Lake_View_Present,Lake view ,room_amenity,"match(""..."")",,
HOTEL VIEWS,Room Views,225,Rooms with Landmark View Present,,No,Yes,,Rooms_with_Landmark_View_Present,,,,,
HOTEL VIEWS,Room Views,226,Rooms with Mountain View Present,,No,Yes,Y,Rooms_with_Mountain_View_Present,Mountain view ,room_amenity,"match(""..."")",,
HOTEL VIEWS,Room Views,227,Rooms with Partial Sea/Ocean View Present,,No,Yes,Y,Rooms_with_Partial_Sea_Ocean_View_Present,Partial ocean view OR Partial sea view,room_amenity,"match(""..."")",,
HOTEL VIEWS,Room Views,228,Rooms with Pool View Present,,No,Yes,Y,Rooms_with_Pool_View_Present,Pool view ,room_amenity,"match(""..."")",,
HOTEL VIEWS,Room Views,229,Rooms with River View Present,,No,Yes,Y,Rooms_with_River_View_Present,River view ,room_amenity,"match(""..."")",,
HOTEL VIEWS,Room Views,230,Rooms with Sea/Ocean View Present,,No,Yes,Y,Rooms_with_Sea_Ocean_View_Present,Ocean view OR Sea view ,room_amenity,"match(""..."")",,
HOTEL VIEWS,Room Views,231,Rooms with Water View Present,,No,Yes,Y,Rooms_with_Water_View_Present,Water view OR Partial ocean view OR Pool view OR River view OR Ocean view OR Sea view ,room_amenity,"match(""..."")",,
HOTEL VIEWS,View from Hotel,232,Extraordinary view,"e.g. clear and wide span of view, great vintage points etc",Yes,No,,Extraordinary_view,,,,,
HOTEL VIEWS,View from Hotel,233,Lake view,,No,Yes,Y,Lake_view,Lake view,room_amenity,"match(""..."")",,
HOTEL VIEWS,View from Hotel,234,Mountain view,,No,Yes,Y,Mountain_view,Mountain view,room_amenity,"match(""..."")",,
HOTEL VIEWS,View from Hotel,235,River view,,No,Yes,Y,River_view,River view,room_amenity,"match(""..."")",,
HOTEL VIEWS,View from Hotel,236,Sea view,,No,Yes,Y,Sea_view,Sea view,room_amenity,"match(""..."")",,
HOTEL VIEWS,View from Hotel,237,Tourist landmark view,e.g. view of the Eiffel Tower or Manhattan skyline,No,Yes,,Tourist_landmark_view,,,,,
LOCATION,Other,238,Clean neighborhood,,,,,Clean_neighborhood,,,,,
LOCATION,Other,239,Safe neighborhood,,,,,Safe_neighborhood,,,,,
LOCATION,Other,240,Upscale neighborhood,,,,,Upscale_neighborhood,,,,,
LOCATION,Proximity,241,Near Airport / Train Station,,,,,Near_Airport_Train_Station,,,,,
LOCATION,Proximity,242,Near ATM or Bank,,,,,Near_ATM_or_Bank,,,,,
LOCATION,Proximity,243,Near Hospital,,,,,Near_Hospital,,,,,
LOCATION,Proximity,244,Near nightlife,,,,,Near_nightlife,,,,,
LOCATION,Proximity,245,Near playgrounds or parks,,,,,Near_playgrounds_or_parks,,,,,
LOCATION,Proximity,246,Near public transport,,,,,Near_public_transport,,,,,
LOCATION,Proximity,247,Near restaurants,,,,,Near_restaurants,,,,,
LOCATION,Proximity,248,Near shopping,,,,,Near_shopping,,,,,
LOCATION,Proximity,249,Near tourist attractions,,,,,Near_tourist_attractions,,,,,
QUALITY OF SERVICE,Going beyond the brief,250,,,,,,,,,,,
QUALITY OF SERVICE,Politeness,251,,Most subjective area,,,Y,,,,,,
ROOM,Bath,252,Bathrobes ,,No,Yes,Y,Bathrobes,Bathrobes ,room_amenity,"match(""..."")",,
ROOM,Bath,253,Bathrobes (on request) ,,No,Yes,Y,Bathrobes_on_request_,Bathrobes (on request) ,room_amenity,"match(""..."")",,
ROOM,Bath,254,Bathroom scale ,,No,Yes,Y,Bathroom_scale,Bathroom scale ,room_amenity,"match(""..."")",,
ROOM,Bath,255,Bathroom phone ,Also Bath,No,Yes,Y,Bathroom_phone,Bathroom phone ,room_amenity,"match(""..."")",,
ROOM,Bath,256,Bathroom television ,Also Bath,No,Yes,Y,Bathroom_television,Bathroom television ,room_amenity,"match(""..."")",,
ROOM,Bath,257,Bathtub Only,,No,Yes,Y,Bathtub_Only,Bathtub only ,room_amenity,"match(""..."")",,
ROOM,Bath,258,Bathtub or shower ,,No,Yes,Y,Bathtub_or_shower,Bathtub or shower ,room_amenity,"match(""..."")",,
ROOM,Bath,259,Bidet ,,No,Yes,Y,Bidet,Bidet ,room_amenity,"match(""..."")",,
ROOM,Bath,260,Complimentary toiletries ,,No,Yes,Y,Complimentary_toiletries,Complimentary toiletries,room_amenity,,,
ROOM,Bath,261,Deep soaking bathtub,,No,Yes,Y,Deep_soaking_bathtub,Deep soaking bathtub ,room_amenity,"match(""..."")",,
ROOM,Bath,262,Designer toiletries ,,No,Yes,Y,Designer_toiletries,Designer toiletries ,room_amenity,"match(""..."")",,
ROOM,Bath,263,Double sink ,,No,Yes,Y,Double_sink,Double sink ,room_amenity,"match(""..."")",,
ROOM,Bath,264,En Suite / Pvt bathroom,,No,Yes,Y,En_Suite_Pvt_bathroom,Private bathroom ,room_amenity,"match(""..."")",,
ROOM,Bath,265,Hair dryer ,,No,Yes,Y,Hair_dryer,Hair dryer ,room_amenity,"match(""..."")",,
ROOM,Bath,266,Hair dryer (on request) ,,No,Yes,Y,Hair_dryer_on_request_,Hair dryer (on request) ,room_amenity,"match(""..."")",,
ROOM,Bath,267,Handheld shower ,,No,Yes,Y,Handheld_shower,"Handheld shower, Handheld showerhead ",room_amenity,"match(""..."")",,
ROOM,Bath,268,Hot Water Available,,No,Yes,,Hot_Water_Available,,,,,
ROOM,Bath,269,Hydromassage showerhead ,,No,Yes,Y,Hydromassage_showerhead,Hydromassage showerhead,room_amenity,"match(""..."")",,
ROOM,Bath,270,Jacuzzi,,No,Yes,,Jacuzzi,,,,,
ROOM,Bath,271,Jetted bathtub ,,No,Yes,Y,Jetted_bathtub,Jetted bathtub ,room_amenity,"match(""..."")",,
ROOM,Bath,272,Large Bath,,Yes,No,,Large_Bath,,,,,
ROOM,Bath,273,Makeup/shaving mirror ,,No,Yes,Y,Makeup_shaving_mirror,Makeup/shaving mirror ,room_amenity,"match(""..."")",,
ROOM,Bath,274,Partially open bathroom ,,No,Yes,Y,Partially_open_bathroom,Partially open bathroom ,room_amenity,"match(""..."")",,
ROOM,Bath,275,Private bathroom (not in room) ,,No,Yes,Y,Private_bathroom_not_in_room_,Private bathroom (not in room) ,room_amenity,"match(""..."")",,
ROOM,Bath,276,Private spa tub ,,No,Yes,Y,Private_spa_tub,Private spa tub ,room_amenity,"match(""..."")",,
ROOM,Bath,277,Rainfall showerhead ,,No,Yes,Y,Rainfall_showerhead,Rainfall showerhead ,room_amenity,"match(""..."")",,
ROOM,Bath,278,Second bathroom ,,No,Yes,Y,Second_bathroom,Second bathroom ,room_amenity,"match(""..."")",,
ROOM,Bath,279,Separate bathtub and shower ,,No,Yes,Y,Separate_bathtub_and_shower,Separate bathtub and shower ,room_amenity,"match(""..."")",,
ROOM,Bath,280,Shared bathroom ,,No,Yes,Y,Shared_bathroom,Shared bathroom ,room_amenity,"match(""..."")",,
ROOM,Bath,281,Shared bathroom with sink in room ,,No,Yes,Y,Shared_bathroom_with_sink_in_room,Shared bathroom with sink in room ,room_amenity,"match(""..."")",,
ROOM,Bath,282,Shower Only,,No,Yes,Y,Shower_Only,Shower Only,room_amenity,"match(""..."")",,
ROOM,Bath,283,Shower Present,,No,Yes,Y,Shower_Present,Shower Only OR Separate bathtub and shower OR Shower/tub combination ,room_amenity,"match(""..."")",,
ROOM,Bath,284,Shower/tub combination ,,No,Yes,Y,Shower_tub_combination,Shower/tub combination ,room_amenity,"match(""..."")",,
ROOM,Bath,285,Stylish Bath ???,,Yes,No,,Stylish_Bath_,,,,,
ROOM,Bed,286,Cribs/infant beds (complimentary) ,,No,Yes,Y,Cribs_infant_beds_complimentary_,,,,Cribs (infant beds) available ,
ROOM,Bed,287,Cribs/infant beds (surcharge) ,,No,Yes,Y,Cribs_infant_beds_surcharge_,,,,Cribs (infant beds) available (surcharge),
ROOM,Bed,288,Egyptian-cotton sheets ,,No,Yes,Y,Egyptian_cotton_sheets,Egyptian-cotton sheets ,room_amenity,"match(""..."")",Cribs/infant beds (complimentary) ,
ROOM,Bed,289,Extra towels/bedding ,,No,Yes,Y,Extra_towels_bedding,Extra towels/bedding ,room_amenity,"match(""..."")",,
ROOM,Bed,290,Extra towels/bedding in room ,,No,Yes,Y,Extra_towels_bedding_in_room,Extra towels/bedding in room ,room_amenity,"match(""..."")",Cribs/infant beds (surcharge) ,
ROOM,Bed,291,Frette Italian sheets ,,No,Yes,Y,Frette_Italian_sheets,Frette Italian sheets ,room_amenity,"match(""..."")",Cribs/infant beds available ,
ROOM,Bed,292,Hypo-allergenic bedding available ,,No,Yes,Y,Hypo_allergenic_bedding_available,Hypo-allergenic bedding available ,room_amenity,"match(""..."")",,
ROOM,Bed,293,Memory foam mattress ,,No,Yes,Y,Memory_foam_mattress,Memory foam mattress ,room_amenity,"match(""..."")",,
ROOM,Bed,294,Pillow menu ,,No,Yes,Y,Pillow_menu,Pillow menu ,room_amenity,"match(""..."")",,
ROOM,Bed,295,Pillowtop mattress ,,No,Yes,Y,Pillowtop_mattress,Pillowtop mattress ,room_amenity,"match(""..."")",,
ROOM,Bed,296,Premium bedding ,,No,Yes,Y,Premium_bedding,Premium bedding ,room_amenity,"match(""..."")",,
ROOM,Bed,297,Rollaway beds ,,No,Yes,Y,Rollaway_beds,"Rollaway beds, Rollaway beds available ",room_amenity,"match(""..."")",,
ROOM,Bed,298,Rollaway beds available (surcharge),,No,Yes,Y,Rollaway_beds_available_surcharge_,Rollaway beds available (surcharge),room_amenity,"match(""..."")",,
ROOM,Bed,299,Signature bedding ,,No,Yes,Y,Signature_bedding,Signature bedding ,room_amenity,"match(""..."")",,
ROOM,Bed,300,Sleep Number by Select Comfort mattress ,,No,Yes,Y,Sleep_Number_by_Select_Comfort_mattress,Sleep Number by Select Comfort mattress ,room_amenity,"match(""..."")",,
ROOM,Bed,301,Sofa bed ,,No,Yes,Y,Sofa_bed,Sofa bed ,room_amenity,"match(""..."")",,
ROOM,Bed,302,Sofa bed Queen,,No,Yes,Y,Sofa_bed_Queen,"Sofa bed Queen, Sofa bed size queen",room_amenity,"match(""..."")",,
ROOM,Bed,303,Sofa bed size double,,No,Yes,Y,Sofa_bed_size_double,Sofa bed size double,room_amenity,"match(""..."")",,
ROOM,Bed,304,Sofa bed size king,,No,Yes,Y,Sofa_bed_size_king,Sofa bed size king,room_amenity,"match(""..."")",,
ROOM,Bed,305,Sofa bed size single,,No,Yes,Y,Sofa_bed_size_single,Sofa bed size single,room_amenity,"match(""..."")",,
ROOM,Bed,306,Sofa bed size twin,,No,Yes,Y,Sofa_bed_size_twin,Sofa bed size twin,room_amenity,"match(""..."")",,
ROOM,Bed,307,Tempur-Pedic mattress ,,No,Yes,Y,Tempur_Pedic_mattress,Tempur-Pedic mattress ,room_amenity,"match(""..."")",,
ROOM,Exterior,308,Balcony ,,Yes,No,Y,Balcony,Balcony ,room_amenity,"match(""..."")",,
ROOM,Exterior,309,Balcony or patio ,,Yes,No,Y,Balcony_or_patio,Balcony or patio ,room_amenity,"match(""..."")",,
ROOM,Exterior,310,Deck ,,Yes,No,Y,Deck,Deck ,room_amenity,"match(""..."")",,
ROOM,Exterior,311,Furnished balcony ,,Yes,No,Y,Furnished_balcony,Furnished balcony ,room_amenity,"match(""..."")",,
ROOM,Exterior,312,Furnished balcony or patio ,,Yes,No,Y,Furnished_balcony_or_patio,Furnished balcony or patio ,room_amenity,"match(""..."")",,
ROOM,Exterior,313,Furnished lanai ,,Yes,No,Y,Furnished_lanai,Furnished lanai ,room_amenity,"match(""..."")",,
ROOM,Exterior,314,Furnished patio ,,Yes,No,Y,Furnished_patio,Furnished patio ,room_amenity,"match(""..."")",,
ROOM,Exterior,315,Lanai ,,Yes,No,Y,Lanai,Lanai ,room_amenity,"match(""..."")",,
ROOM,Exterior,316,Large Balcony,,,,,Large_Balcony,,,,,
ROOM,Exterior,317,Nice View from Balcony,,,,,Nice_View_from_Balcony,,,,,
ROOM,Exterior,318,Patio ,,Yes,No,Y,Patio,Patio ,room_amenity,"match(""..."")",,
ROOM,Exterior,319,Patio Privacy,,,,,Patio_Privacy,,,,,
ROOM,Exterior,320,Private plunge pool ,,Yes,No,Y,Private_plunge_pool,Private plunge pool ,room_amenity,"match(""..."")",,
ROOM,Exterior,321,Rooms with Private pool ,Also in Pool,Yes,No,Y,Rooms_with_Private_pool,Yard ,room_amenity,"match(""..."")",,
ROOM,Exterior,322,Yard ,,Yes,No,Y,Yard,Private pool ,room_amenity,"match(""..."")",,
ROOM,Size,323,"Balcony, Sit out,",,No,Yes,,Balcony_Sit_out_,,,,,
ROOM,Size,324,Large / Small,,Yes,Maybe,,Large_Small,,,,,
ROOM,Style of room decor,325,Contemporary Décor,,No,Yes,,Contemporary_D_cor,,,,,
ROOM,Style of room decor,326,Functional Décor,,No,Yes,,Functional_D_cor,,,,,
ROOM,Style of room decor,327,Traditional Décor,,No,Yes,,Traditional_D_cor,,,,,
ROOM AMENITIES,Communication,328,Bathroom phone ,Also Bath,,,,Bathroom_phone,,,,,
ROOM AMENITIES,Communication,329,Cordless phone ,,No,Yes,Y,Cordless_phone,Cordless phone ,room_amenity,"match(""..."")",,
ROOM AMENITIES,Communication,330,Internet Dial-up ,,No,Yes,Y,Internet_Dial_up,Dial-up Internet access (complimentary) OR Dial-up Internet access (surcharge) OR Internet access - dial-up   ,room_amenity,"match(""..."")",,
ROOM AMENITIES,Communication,331,Direct-dial phone ,,No,Yes,Y,Direct_dial_phone,Direct-dial phone ,room_amenity,"match(""..."")",,
ROOM AMENITIES,Communication,332,Fax machine ,,No,Yes,Y,Fax_machine,Fax machine ,room_amenity,"match(""..."")",,
ROOM AMENITIES,Communication,333,Free local calls ,,No,Yes,Y,Free_local_calls,Free local calls ,room_amenity,"match(""..."")",,
ROOM AMENITIES,Communication,334,Free local calls (limited),,No,Yes,Y,Free_local_calls_limited_,Free local calls (limited),room_amenity,"match(""..."")",,
ROOM AMENITIES,Communication,335,Free long-distance calls ,,No,Yes,Y,Free_long_distance_calls,Free long-distance calls ,room_amenity,"match(""..."")",Dial-up Internet access (complimentary) ,
ROOM AMENITIES,Communication,336,High-speed Internet access ,,No,Yes,Y,High_speed_Internet_access,High-speed Internet access OR Internet access - high speed ,room_amenity,"match(""..."")",Dial-up Internet access (surcharge) ,
ROOM AMENITIES,Communication,337,In-room computer ,,No,Yes,Y,In_room_computer,In-room computer ,room_amenity,"match(""..."")",Free Wi-Fi ,
ROOM AMENITIES,Communication,338,Internet - High Speed,,No,Yes,Y,Internet_High_Speed,Free wired high-speed Internet OR Internet access - high speed  OR Wired high-speed Internet access (surcharge) OR Wired high-speed Internet access (complimentary) OR Wireless high-speed Internet access (surcharge) OR Wireless high-speed Internet access (complimentary) ,room_amenity,"match(""..."")",Free wired high-speed Internet ,
ROOM AMENITIES,Communication,339,Internet Free,,No,Yes,Y,Internet_Free,Free Wi-Fi OR Internet access (complimentary) OR Free wired high-speed Internet OR Wireless high-speed Internet access (complimentary) OR Wired high-speed Internet access (complimentary) OR Dial-up Internet access (complimentary) ,room_amenity,"match(""..."")",Internet access - complimentary ,
ROOM AMENITIES,Communication,340,Internet Surcharge,,No,Yes,Y,Internet_Surcharge,Internet access (surcharge) OR Wireless high-speed Internet access (surcharge) OR Wired high-speed Internet access (surcharge) OR Dial-up Internet access (surcharge) OR Wireless Internet access (surcharge) ,room_amenity,"match(""..."")",Internet access - dial-up   ,
ROOM AMENITIES,Communication,341,Internet Wired,,No,Yes,,Internet_Wired,Wired high-speed Internet access (surcharge) OR Wired high-speed Internet access (complimentary) OR Free wired high-speed Internet ,room_amenity,"match(""..."")",Internet access - high speed ,
ROOM AMENITIES,Communication,342,Internet Wireless,,No,Yes,Y,Internet_Wireless,Free Wi-Fi OR Wireless Internet access OR Wireless high-speed Internet access (complimentary) OR Wireless high-speed Internet access (surcharge),room_amenity,"match(""..."")",Internet access - surcharge ,
ROOM AMENITIES,Communication,343,Multi-line phone  ,,No,Yes,Y,Multi_line_phone,Multi-line phone ,room_amenity,"match(""..."")",Internet access - wireless   ,
ROOM AMENITIES,Communication,344,Phone available in room,,No,Yes,Y,Phone_available_in_room,Phone OR Multi-line phone OR Telephone OR Speakerphone ,room_amenity,"match(""..."")",Internet access (complimentary) ,
ROOM AMENITIES,Communication,345,Speakerphone ,,No,Yes,Y,Speakerphone,Speakerphone ,room_amenity,"match(""..."")",Wired high-speed Internet access (surcharge) ,
ROOM AMENITIES,Communication,346,Television Internet access (complimentary),,No,Yes,Y,Television_Internet_access_complimentary_,Television Internet access (complimentary) ,room_amenity,"match(""..."")",Wireless high-speed Internet access (complimentary) ,
ROOM AMENITIES,Communication,347,Television Internet access (surcharge),,No,Yes,Y,Television_Internet_access_surcharge_,Television Internet access (surcharge) ,room_amenity,"match(""..."")",Wireless Internet access ,
ROOM AMENITIES,Communication,348,Voice mail ,,No,Yes,Y,Voice_mail,Voice mail ,room_amenity,"match(""..."")",Wireless Internet access (surcharge) ,
ROOM AMENITIES,Entertainment,349,Bathroom television ,Also Bath,No,Yes,Y,Bathroom_television,Bathroom television ,room_amenity,"match(""..."")",,
ROOM AMENITIES,Entertainment,350,Cable television service ,,No,Yes,Y,Cable_television_service,Cable television service ,room_amenity,"match(""..."")",,
ROOM AMENITIES,Entertainment,351,Cable/satellite TV ,,No,Yes,Y,Cable_satellite_TV,Cable/satellite television channels OR Cable/satellite TV ,room_amenity,"match(""..."")",,
ROOM AMENITIES,Entertainment,352,CD player ,,No,Yes,Y,CD_player,CD player ,room_amenity,"match(""..."")",,
ROOM AMENITIES,Entertainment,353,Digital television service ,,No,Yes,Y,Digital_television_service,Digital television service ,room_amenity,"match(""..."")",,
ROOM AMENITIES,Entertainment,354,Standard television service ,,No,Yes,Y,Standard_television_service,Standardtelevision service ,room_amenity,"match(""..."")",,
ROOM AMENITIES,Entertainment,355,DVD player ,,No,Yes,Y,DVD_player,DVD player ,room_amenity,"match(""..."")",,
ROOM AMENITIES,Entertainment,356,DVD/VCR ,,No,Yes,Y,DVD_VCR,DVD/VCR ,room_amenity,"match(""..."")",,
ROOM AMENITIES,Entertainment,357,ESPN ,,No,Yes,Y,ESPN,ESPN ,room_amenity,"match(""..."")",,
ROOM AMENITIES,Entertainment,358,First-run movies ,,No,Yes,Y,First_run_movies,First-run movies ,room_amenity,"match(""..."")",,
ROOM AMENITIES,Entertainment,359,Flat-panel television ,,No,Yes,Y,Flat_panel_television,Flat-panel television ,room_amenity,"match(""..."")",,
ROOM AMENITIES,Entertainment,360,Free movie channels ,,No,Yes,Y,Free_movie_channels,Free movie channels ,room_amenity,"match(""..."")",,
ROOM AMENITIES,Entertainment,361,HBO ,,No,Yes,Y,HBO,HBO ,room_amenity,"match(""..."")",,
ROOM AMENITIES,Entertainment,362,High-definition television ,,No,Yes,Y,High_definition_television,High-definition television ,room_amenity,"match(""..."")",,
ROOM AMENITIES,Entertainment,363,MP3 docking station ,,No,Yes,Y,MP3_docking_station,iPod docking station OR MP3 docking station ,room_amenity,"match(""..."")",,
ROOM AMENITIES,Entertainment,364,OnCommand Video ,,No,Yes,Y,OnCommand_Video,OnCommand Video ,room_amenity,"match(""..."")",,
ROOM AMENITIES,Entertainment,365,Pay movies ,,No,Yes,Y,Pay_movies,Pay movies ,room_amenity,"match(""..."")",,
ROOM AMENITIES,Entertainment,366,Plasma/LCD television ,,No,Yes,Y,Plasma_LCD_television,LCD television OR Plasma television ,room_amenity,"match(""..."")",,
ROOM AMENITIES,Entertainment,367,Premium television channel(s) ,,No,Yes,Y,Premium_television_channel_s_,Premium television channel(s) OR Premium TV channel(s) ,room_amenity,"match(""..."")",,
ROOM AMENITIES,Entertainment,368,Satellite television service ,,No,Yes,Y,Satellite_television_service,Satellite television service ,room_amenity,"match(""..."")",,
ROOM AMENITIES,Entertainment,369,Television ,,No,Yes,Y,Television,Television,room_amenity,"match(""..."")",Should this be an OR of multiple attributes in this category,
ROOM AMENITIES,Entertainment,370,Television Internet access (surcharge) ,,No,Yes,Y,Television_Internet_access_surcharge_,Television Internet access (surcharge) ,room_amenity,"match(""..."")",,
ROOM AMENITIES,Entertainment,371,Television Internet access,,No,Yes,Y,Television_Internet_access,Television Internet access ,room_amenity,"match(""..."")",,
ROOM AMENITIES,Entertainment,372,VCR ,,No,Yes,Y,VCR,VCR ,room_amenity,"match(""..."")",,
ROOM AMENITIES,Entertainment,373,Video-game console ,,No,Yes,Y,Video_game_console,Video-game console ,room_amenity,"match(""..."")",,
ROOM AMENITIES,Food & Beverage,374,Blender ,,No,Yes,Y,Blender,Blender ,room_amenity,"match(""..."")",,
ROOM AMENITIES,Food & Beverage,375,Coffee/tea maker ,,No,Yes,Y,Coffee_tea_maker,Coffee/tea maker ,room_amenity,"match(""..."")",,
ROOM AMENITIES,Food & Beverage,376,Complimentary bottled water ,,No,Yes,Y,Complimentary_bottled_water,Bottled water in room (complimentary) OR Complimentary bottled water ',room_amenity,"match(""..."")",,
ROOM AMENITIES,Food & Beverage,377,Cooking facilities ,,No,Yes,Y,Cooking_facilities,Cooking facilities ,room_amenity,"match(""..."")",,
ROOM AMENITIES,Food & Beverage,378,"Cookware, dishware, and utensils ",,No,Yes,Y,Cookware_dishware_and_utensils,"Cookware, dishware, and utensils ",room_amenity,"match(""..."")",,
ROOM AMENITIES,Food & Beverage,379,Espresso maker ,,No,Yes,Y,Espresso_maker,Espresso maker ,room_amenity,"match(""..."")",,
ROOM AMENITIES,Food & Beverage,380,Full-sized refrigerator/freezer ,,No,Yes,Y,Full_sized_refrigerator_freezer,Full-sized refrigerator/freezer ,room_amenity,"match(""..."")",,
ROOM AMENITIES,Food & Beverage,381,Kitchen ,,No,Yes,Y,Kitchen,Kitchen ,room_amenity,"match(""..."")",,
ROOM AMENITIES,Food & Beverage,382,"Kitchen linens (dishtowels, sponges, etc) ",,No,Yes,Y,Kitchen_linens_dishtowels_sponges_etc_,"Kitchen linens (dishtowels, sponges, etc) ",room_amenity,"match(""..."")",,
ROOM AMENITIES,Food & Beverage,383,Kitchenette ,,No,Yes,Y,Kitchenette,Kitchenette ,room_amenity,"match(""..."")",,
ROOM AMENITIES,Food & Beverage,384,Microwave ,,No,Yes,Y,Microwave,Microwave ,room_amenity,"match(""..."")",,
ROOM AMENITIES,Food & Beverage,385,Microwave (on request) ,,No,Yes,Y,Microwave_on_request_,Microwave (on request) ,room_amenity,"match(""..."")",,
ROOM AMENITIES,Food & Beverage,386,Minibar ,,No,Yes,Y,Minibar,Minibar ,room_amenity,"match(""..."")",,
ROOM AMENITIES,Food & Beverage,387,Minibar Well stocked,,Yes,No,,Minibar_Well_stocked,Refrigerator ,room_amenity,"match(""..."")",,
ROOM AMENITIES,Food & Beverage,388,Refrigerator (compact),,No,Yes,Y,Refrigerator_compact_,Refrigerator (compact),room_amenity,"match(""..."")",,
ROOM AMENITIES,Food & Beverage,389,Refrigerator (on request) ,,No,Yes,Y,Refrigerator_on_request_,Refrigerator (on request) ,room_amenity,"match(""..."")",,
ROOM AMENITIES,Food & Beverage,390,Stovetop ,,No,Yes,Y,Stovetop,Stovetop ,room_amenity,"match(""..."")",,
ROOM AMENITIES,Room Features,391,Access via exterior corridors ,,No,Yes,Y,Access_via_exterior_corridors,Access via exterior corridors ,room_amenity,"match(""..."")",,
ROOM AMENITIES,Room Features,392,Air conditioning ,,No,Yes,Y,Air_conditioning,Air conditioning ,room_amenity,"match(""..."")",,
ROOM AMENITIES,Room Features,393,Air Conditioning Noisy,,Yes,No,,Air_Conditioning_Noisy,,,,,
ROOM AMENITIES,Room Features,394,Air Conditioning Works/Doesn’t work,,Yes,No,,Air_Conditioning_Works_Doesn_t_work,,,,,
ROOM AMENITIES,Room Features,395,Alarm clock ,,No,Yes,Y,Alarm_clock,Alarm clock ,room_amenity,"match(""..."")",,
ROOM AMENITIES,Room Features,396,Blackout drapes/curtains ,,No,Yes,Y,Blackout_drapes_curtains,Blackout drapes/curtains ,room_amenity,"match(""..."")",,
ROOM AMENITIES,Room Features,397,Ceiling fan ,,No,Yes,Y,Ceiling_fan,Ceiling fan ,room_amenity,"match(""..."")",,
ROOM AMENITIES,Room Features,398,Climate control ,,No,Yes,Y,Climate_control,Climate control ,room_amenity,"match(""..."")",,
ROOM AMENITIES,Room Features,399,Climate Control Works / Doesnt Work,,Yes,No,,Climate_Control_Works_Doesnt_Work,,,,,
ROOM AMENITIES,Room Features,400,Clock radio ,,No,Yes,Y,Clock_radio,Clock radio ,room_amenity,"match(""..."")",,
ROOM AMENITIES,Room Features,401,Connecting / adjoining rooms available ,,No,Yes,Y,Connecting_adjoining_rooms_available,Connecting / adjoining rooms available ,room_amenity,"match(""..."")",,
ROOM AMENITIES,Room Features,402,Desk ,,No,Yes,Y,Desk,Desk ,room_amenity,"match(""..."")",,
ROOM AMENITIES,Room Features,403,Dishwasher ,,No,Yes,Y,Dishwasher,Dishwasher ,room_amenity,"match(""..."")",,
ROOM AMENITIES,Room Features,404,Electronic/magnetic keys ,,No,Yes,Y,Electronic_magnetic_keys,Electronic/magnetic keys ,room_amenity,"match(""..."")",,
ROOM AMENITIES,Room Features,405,Ergonomic chair ,,No,Yes,Y,Ergonomic_chair,Ergonomic chair ,room_amenity,"match(""..."")",,
ROOM AMENITIES,Room Features,406,Fireplace ,,No,Yes,Y,Fireplace,Fireplace ,room_amenity,"match(""..."")",,
ROOM AMENITIES,Room Features,407,In-room safe ,,No,Yes,Y,In_room_safe,In-room safe ,room_amenity,"match(""..."")",,
ROOM AMENITIES,Room Features,408,In-room safe (accommodates laptop),,No,Yes,Y,In_room_safe_accommodates_laptop_,In-room safe (accommodates laptop) OR In-room safe (laptop compatible) ,room_amenity,"match(""..."")",,
ROOM AMENITIES,Room Features,409,Iron/ironing board ,,No,Yes,Y,Iron_ironing_board,Iron/ironing board ,room_amenity,"match(""..."")",,
ROOM AMENITIES,Room Features,410,Iron/ironing board (on request) ,,No,Yes,Y,Iron_ironing_board_on_request_,Iron/ironing board (on request) ,room_amenity,"match(""..."")",,
ROOM AMENITIES,Room Features,411,Non-smoking only ,,No,Yes,Y,Non_smoking_only,Non-smoking only ,room_amenity,"match(""..."")",,
ROOM AMENITIES,Room Features,412,Remote lighting/drapery/curtain control ,,No,Yes,Y,Remote_lighting_drapery_curtain_control,Remote lighting/drapery/curtain control ,room_amenity,"match(""..."")",,
ROOM AMENITIES,Room Features,413,Separate dining area ,,No,Yes,Y,Separate_dining_area,Separate dining area ,room_amenity,"match(""..."")",,
ROOM AMENITIES,Room Features,414,Separate living room ,,No,Yes,Y,Separate_living_room,Separate living room ,room_amenity,"match(""..."")",,
ROOM AMENITIES,Room Features,415,Separate sitting area ,,No,Yes,Y,Separate_sitting_area,Separate sitting area ,room_amenity,"match(""..."")",,
ROOM AMENITIES,Room Features,416,Sewing kit ,,No,Yes,Y,Sewing_kit,Sewing kit ,room_amenity,"match(""..."")",,
ROOM AMENITIES,Room Features,417,Shared accommodations ,,No,Yes,Y,Shared_accommodations,Shared accommodations ,room_amenity,"match(""..."")",,
ROOM AMENITIES,Room Features,418,Slippers ,,No,Yes,Y,Slippers,Slippers ,room_amenity,"match(""..."")",,
ROOM AMENITIES,Room Features,419,Smoking permitted ,,No,Yes,Y,Smoking_permitted,Smoking permitted ,room_amenity,"match(""..."")",,
ROOM AMENITIES,Room Features,420,Smoking rooms ,,No,Yes,Y,Smoking_rooms,Smoking rooms ,room_amenity,"match(""..."")",,
ROOM AMENITIES,Room Features,421,Soundproofed rooms ,,No,Yes,Y,Soundproofed_rooms,Soundproofed rooms ,room_amenity,"match(""..."")",,
ROOM AMENITIES,Room Features,422,Trouser press ,,No,Yes,Y,Trouser_press,Trouser press ,room_amenity,"match(""..."")",,
ROOM AMENITIES,Room Features,423,Washer/dryer ,,No,Yes,Y,Washer_dryer,Washer/dryer ,room_amenity,"match(""..."")",,
ROOM AMENITIES,Room Features,424,Window opens ,,No,Yes,Y,Window_opens,Window opens ,room_amenity,"match(""..."")",,
ROOM AMENITIES,Services,425,Complimentary newspaper ,,No,Yes,Y,Complimentary_newspaper,Complimentary newspaper ,room_amenity,"match(""..."")",,
ROOM AMENITIES,Services,426,Complimentary weekday newspaper ,,No,Yes,Y,Complimentary_weekday_newspaper,Complimentary weekday newspaper ,room_amenity,"match(""..."")",,
ROOM AMENITIES,Services,427,Daily housekeeping ,,No,Yes,Y,Daily_housekeeping,Daily housekeeping ,room_amenity,"match(""..."")",,
ROOM AMENITIES,Services,428,Electronic check-out ,,No,Yes,Y,Electronic_check_out,Electronic check-out ,room_amenity,"match(""..."")",,
ROOM AMENITIES,Services,429,Housekeeping,,No,Yes,Y,Housekeeping,Housekeeping OR Daily housekeeping  OR Housekeeping - 2 days per week OR Housekeeping - 3 days per week OR Housekeeping - 4 days per week OR Weekly housekeeping provided ,room_amenity,"match(""..."")",,
ROOM AMENITIES,Services,430,Housekeeping - 2 days per week ,,No,Yes,Y,Housekeeping_2_days_per_week,Housekeeping - 2 days per week ,room_amenity,"match(""..."")",,
ROOM AMENITIES,Services,431,Housekeeping - 3 days per week ,,No,Yes,Y,Housekeeping_3_days_per_week,Housekeeping - 3 days per week ,room_amenity,"match(""..."")",,
ROOM AMENITIES,Services,432,Housekeeping - 4 days per week ,,No,Yes,Y,Housekeeping_4_days_per_week,Housekeeping - 4 days per week ,room_amenity,"match(""..."")",,
ROOM AMENITIES,Services,433,In-room massage available,,No,Yes,Y,In_room_massage_available,In-room massage available OR Massage - available in room ,room_amenity,"match(""..."")",,
ROOM AMENITIES,Services,434,In-room childcare (surcharge) ,,No,Yes,Y,In_room_childcare_surcharge_,In-room childcare (surcharge) ,room_amenity,"match(""..."")",,
ROOM AMENITIES,Services,435,Turndown service ,,No,Yes,Y,Turndown_service,Turndown service ,room_amenity,"match(""..."")",,
ROOM AMENITIES,Services,436,Turndown service (on request) ,,No,Yes,Y,Turndown_service_on_request_,Turndown service (on request) ,room_amenity,"match(""..."")",,
ROOM AMENITIES,Services,437,Wake-up calls ,,No,Yes,Y,Wake_up_calls,Wake-up calls ,room_amenity,"match(""..."")",,
ROOM AMENITIES,Services,438,Weekly housekeeping provided ,,No,Yes,Y,Weekly_housekeeping_provided,Weekly housekeeping provided ,room_amenity,"match(""..."")",,
ROOM AMENITIES,Services,439,Welcome amenities ,,No,Yes,Y,Welcome_amenities,Welcome amenities ,room_amenity,"match(""..."")",,
ROOM AMENITIES,Services,440,,,,,,,,,,,
TRANSPORT,Airport,441,Airport transportation ,,,,Y,Airport_transportation,Airport transportation ,hotel_amenity,"match(""..."")",,
TRANSPORT,Airport,442,Airport transportation - drop-off (complimentary) ,,,,Y,Airport_transportation_drop_off_complimentary_,Airport transportation - drop-off (complimentary) ,hotel_amenity,"match(""..."")",,
TRANSPORT,Airport,443,Airport transportation - drop-off (surcharge) ,,,,Y,Airport_transportation_drop_off_surcharge_,Airport transportation - drop-off (surcharge) ,hotel_amenity,"match(""..."")",,
TRANSPORT,Airport,444,Airport transportation - pickup (complimentary) ,,,,Y,Airport_transportation_pickup_complimentary_,Airport transportation - pickup (complimentary) ,hotel_amenity,"match(""..."")",,
TRANSPORT,Airport,445,Airport transportation (complimentary)                    ,,,,Y,Airport_transportation_complimentary_,Airport transportation (complimentary)                    ,hotel_amenity,"match(""..."")",,
TRANSPORT,Airport,446,Airport transportation (complimentary) 7 AM-10 PM,,,,Y,Airport_transportation_complimentary_7_AM_10_PM,Airport transportation (complimentary) 7 AM-10 PM,hotel_amenity,"match(""..."")",,
TRANSPORT,Airport,447,Airport transportation (complimentary) available on request,,,,Y,Airport_transportation_complimentary_available_on_request,Airport transportation (complimentary) available on request,hotel_amenity,"match(""..."")",,
TRANSPORT,Airport,448,Airport transportation (complimentary) during scheduled times,,,,Y,Airport_transportation_complimentary_during_scheduled_times,Airport transportation (complimentary) during scheduled times,hotel_amenity,"match(""..."")",,
TRANSPORT,Area,449,Area shuttle (surcharge) ,,,,Y,Area_shuttle_surcharge_,Area shuttle (surcharge) ,hotel_amenity,"match(""..."")",,
TRANSPORT,Beach,450,Beach shuttle (complimentary) ,,,,Y,Beach_shuttle_complimentary_,Beach shuttle (complimentary) ,hotel_amenity,"match(""..."")",,
TRANSPORT,Beach,451,Beach shuttle (surcharge) ,,,,Y,Beach_shuttle_surcharge_,Beach shuttle (surcharge) ,hotel_amenity,"match(""..."")",,
TRANSPORT,Casino,452,Casino shuttle (complimentary)                 ,,,,Y,Casino_shuttle_complimentary_,Casino shuttle (complimentary)                 ,hotel_amenity,"match(""..."")",,
TRANSPORT,Casino,453,Casino shuttle (surcharge) ,,,,Y,Casino_shuttle_surcharge_,Casino shuttle (surcharge) ,hotel_amenity,"match(""..."")",,
TRANSPORT,Cruise,454,Cruise terminal shuttle (complimentary) ,,,,Y,Cruise_terminal_shuttle_complimentary_,Cruise terminal shuttle (complimentary) ,hotel_amenity,"match(""..."")",,
TRANSPORT,Cruise,455,Cruise terminal shuttle (surcharge) ,,,,Y,Cruise_terminal_shuttle_surcharge_,Cruise terminal shuttle (surcharge) ,hotel_amenity,"match(""..."")",,
TRANSPORT,Ferry,456,Ferry terminal shuttle (complimentary) ,,,,Y,Ferry_terminal_shuttle_complimentary_,Ferry terminal shuttle (complimentary) ,hotel_amenity,"match(""..."")",,
TRANSPORT,Ferry,457,Ferry terminal shuttle (surcharge) ,,,,Y,Ferry_terminal_shuttle_surcharge_,Ferry terminal shuttle (surcharge) ,hotel_amenity,"match(""..."")",,
TRANSPORT,Limo,458,Limo or Town Car service available ,,,,Y,Limo_or_Town_Car_service_available,Limo or Town Car service available ,hotel_amenity,"match(""..."")",,
TRANSPORT,Shopping,459,Shopping center shuttle (complimentary) ,,,,Y,Shopping_center_shuttle_complimentary_,Shopping center shuttle (complimentary) ,hotel_amenity,"match(""..."")",,
TRANSPORT,Shopping,460,Shopping center shuttle (surcharge) ,,,,Y,Shopping_center_shuttle_surcharge_,Shopping center shuttle (surcharge) ,hotel_amenity,"match(""..."")",,
TRANSPORT,Ski,461,Ski shuttle (surcharge) ,,,,Y,Ski_shuttle_surcharge_,Ski shuttle (surcharge) ,hotel_amenity,"match(""..."")",,
TRANSPORT,Theme park,462,Theme park shuttle (complimentary) ,,,,Y,Theme_park_shuttle_complimentary_,Theme park shuttle (complimentary) ,hotel_amenity,"match(""..."")",,
TRANSPORT,Theme park,463,Theme park shuttle (surcharge) ,,,,Y,Theme_park_shuttle_surcharge_,Theme park shuttle (surcharge) ,hotel_amenity,"match(""..."")",,
TRANSPORT,Train Station,464,Train station pickup (complimentary)                 ,,,,Y,Train_station_pickup_complimentary_,Train station pickup (complimentary)    ,hotel_amenity,"match(""..."")",,
TRANSPORT,Trains Station,465,Train station pickup (surcharge)                 ,,,,Y,Train_station_pickup_surcharge_,Train station pickup (surcharge)                 ,hotel_amenity,"match(""..."")",,